record_id,source,language_ok,kurmanji_ok,punctuation_ok,question_is_real,context_ok,encoding_ok,license_metadata_ok,accept,comment
v2q_036073,kurdish_ai_corpus,,,,,,,,,
v2q_045667,kurdish_ai_corpus,,,,,,,,,
v2q_048728,kurdish_ai_corpus,,,,,,,,,
v2q_036682,kurdish_ai_corpus,,,,,,,,,
v2q_047627,kurdish_ai_corpus,,,,,,,,,
v2q_037875,kurdish_ai_corpus,,,,,,,,,
v2q_037516,kurdish_ai_corpus,,,,,,,,,
v2q_042109,kurdish_ai_corpus,,,,,,,,,
v2q_038790,kurdish_ai_corpus,,,,,,,,,
v2q_039359,kurdish_ai_corpus,,,,,,,,,
v2q_035653,kurdish_ai_corpus,,,,,,,,,
v2q_047368,kurdish_ai_corpus,,,,,,,,,
v2q_049066,kurdish_ai_corpus,,,,,,,,,
v2q_037707,kurdish_ai_corpus,,,,,,,,,
v2q_036258,kurdish_ai_corpus,,,,,,,,,
v2q_047623,kurdish_ai_corpus,,,,,,,,,
v2q_036108,kurdish_ai_corpus,,,,,,,,,
v2q_036672,kurdish_ai_corpus,,,,,,,,,
v2q_038793,kurdish_ai_corpus,,,,,,,,,
v2q_041185,kurdish_ai_corpus,,,,,,,,,
v2q_045091,kurdish_ai_corpus,,,,,,,,,
v2q_038855,kurdish_ai_corpus,,,,,,,,,
v2q_038977,kurdish_ai_corpus,,,,,,,,,
v2q_044129,kurdish_ai_corpus,,,,,,,,,
v2q_040531,kurdish_ai_corpus,,,,,,,,,
v2q_036151,kurdish_ai_corpus,,,,,,,,,
v2q_045808,kurdish_ai_corpus,,,,,,,,,
v2q_040138,kurdish_ai_corpus,,,,,,,,,
v2q_048277,kurdish_ai_corpus,,,,,,,,,
v2q_040324,kurdish_ai_corpus,,,,,,,,,
v2q_042682,kurdish_ai_corpus,,,,,,,,,
v2q_040691,kurdish_ai_corpus,,,,,,,,,
v2q_037981,kurdish_ai_corpus,,,,,,,,,
v2q_048439,kurdish_ai_corpus,,,,,,,,,
v2q_038372,kurdish_ai_corpus,,,,,,,,,
v2q_039102,kurdish_ai_corpus,,,,,,,,,
v2q_045278,kurdish_ai_corpus,,,,,,,,,
v2q_043816,kurdish_ai_corpus,,,,,,,,,
v2q_041365,kurdish_ai_corpus,,,,,,,,,
v2q_042096,kurdish_ai_corpus,,,,,,,,,
v2q_037193,kurdish_ai_corpus,,,,,,,,,
v2q_038863,kurdish_ai_corpus,,,,,,,,,
v2q_048561,kurdish_ai_corpus,,,,,,,,,
v2q_049209,kurdish_ai_corpus,,,,,,,,,
v2q_048499,kurdish_ai_corpus,,,,,,,,,
v2q_040604,kurdish_ai_corpus,,,,,,,,,
v2q_040511,kurdish_ai_corpus,,,,,,,,,
v2q_038460,kurdish_ai_corpus,,,,,,,,,
v2q_041447,kurdish_ai_corpus,,,,,,,,,
v2q_036272,kurdish_ai_corpus,,,,,,,,,
v2q_037271,kurdish_ai_corpus,,,,,,,,,
v2q_042762,kurdish_ai_corpus,,,,,,,,,
v2q_046993,kurdish_ai_corpus,,,,,,,,,
v2q_039106,kurdish_ai_corpus,,,,,,,,,
v2q_048726,kurdish_ai_corpus,,,,,,,,,
v2q_044121,kurdish_ai_corpus,,,,,,,,,
v2q_040961,kurdish_ai_corpus,,,,,,,,,
v2q_035897,kurdish_ai_corpus,,,,,,,,,
v2q_042355,kurdish_ai_corpus,,,,,,,,,
v2q_042027,kurdish_ai_corpus,,,,,,,,,
v2q_044543,kurdish_ai_corpus,,,,,,,,,
v2q_042700,kurdish_ai_corpus,,,,,,,,,
v2q_043955,kurdish_ai_corpus,,,,,,,,,
v2q_037436,kurdish_ai_corpus,,,,,,,,,
v2q_040438,kurdish_ai_corpus,,,,,,,,,
v2q_040198,kurdish_ai_corpus,,,,,,,,,
v2q_044082,kurdish_ai_corpus,,,,,,,,,
v2q_044252,kurdish_ai_corpus,,,,,,,,,
v2q_048079,kurdish_ai_corpus,,,,,,,,,
v2q_046861,kurdish_ai_corpus,,,,,,,,,
v2q_038873,kurdish_ai_corpus,,,,,,,,,
v2q_042309,kurdish_ai_corpus,,,,,,,,,
v2q_046693,kurdish_ai_corpus,,,,,,,,,
v2q_037010,kurdish_ai_corpus,,,,,,,,,
v2q_045263,kurdish_ai_corpus,,,,,,,,,
v2q_038433,kurdish_ai_corpus,,,,,,,,,
v2q_044472,kurdish_ai_corpus,,,,,,,,,
v2q_041459,kurdish_ai_corpus,,,,,,,,,
v2q_037475,kurdish_ai_corpus,,,,,,,,,
v2q_036771,kurdish_ai_corpus,,,,,,,,,
v2q_047954,kurdish_ai_corpus,,,,,,,,,
v2q_045295,kurdish_ai_corpus,,,,,,,,,
v2q_043188,kurdish_ai_corpus,,,,,,,,,
v2q_037175,kurdish_ai_corpus,,,,,,,,,
v2q_045954,kurdish_ai_corpus,,,,,,,,,
v2q_036370,kurdish_ai_corpus,,,,,,,,,
v2q_041516,kurdish_ai_corpus,,,,,,,,,
v2q_043997,kurdish_ai_corpus,,,,,,,,,
v2q_047771,kurdish_ai_corpus,,,,,,,,,
v2q_037809,kurdish_ai_corpus,,,,,,,,,
v2q_040593,kurdish_ai_corpus,,,,,,,,,
v2q_043644,kurdish_ai_corpus,,,,,,,,,
v2q_046329,kurdish_ai_corpus,,,,,,,,,
v2q_042605,kurdish_ai_corpus,,,,,,,,,
v2q_039222,kurdish_ai_corpus,,,,,,,,,
v2q_036348,kurdish_ai_corpus,,,,,,,,,
v2q_037549,kurdish_ai_corpus,,,,,,,,,
v2q_040408,kurdish_ai_corpus,,,,,,,,,
v2q_045113,kurdish_ai_corpus,,,,,,,,,
v2q_042148,kurdish_ai_corpus,,,,,,,,,
v2q_040915,kurdish_ai_corpus,,,,,,,,,
v2q_036061,kurdish_ai_corpus,,,,,,,,,
v2q_044262,kurdish_ai_corpus,,,,,,,,,
v2q_040045,kurdish_ai_corpus,,,,,,,,,
v2q_039034,kurdish_ai_corpus,,,,,,,,,
v2q_039649,kurdish_ai_corpus,,,,,,,,,
v2q_040765,kurdish_ai_corpus,,,,,,,,,
v2q_036178,kurdish_ai_corpus,,,,,,,,,
v2q_043679,kurdish_ai_corpus,,,,,,,,,
v2q_039983,kurdish_ai_corpus,,,,,,,,,
v2q_036547,kurdish_ai_corpus,,,,,,,,,
v2q_037360,kurdish_ai_corpus,,,,,,,,,
v2q_048615,kurdish_ai_corpus,,,,,,,,,
v2q_043322,kurdish_ai_corpus,,,,,,,,,
v2q_038840,kurdish_ai_corpus,,,,,,,,,
v2q_037282,kurdish_ai_corpus,,,,,,,,,
v2q_042360,kurdish_ai_corpus,,,,,,,,,
v2q_044158,kurdish_ai_corpus,,,,,,,,,
v2q_037930,kurdish_ai_corpus,,,,,,,,,
v2q_043120,kurdish_ai_corpus,,,,,,,,,
v2q_045777,kurdish_ai_corpus,,,,,,,,,
v2q_044254,kurdish_ai_corpus,,,,,,,,,
v2q_038500,kurdish_ai_corpus,,,,,,,,,
v2q_035870,kurdish_ai_corpus,,,,,,,,,
v2q_037650,kurdish_ai_corpus,,,,,,,,,
v2q_040901,kurdish_ai_corpus,,,,,,,,,
v2q_045266,kurdish_ai_corpus,,,,,,,,,
v2q_048962,kurdish_ai_corpus,,,,,,,,,
v2q_043501,kurdish_ai_corpus,,,,,,,,,
v2q_045241,kurdish_ai_corpus,,,,,,,,,
v2q_048623,kurdish_ai_corpus,,,,,,,,,
v2q_039178,kurdish_ai_corpus,,,,,,,,,
v2q_045724,kurdish_ai_corpus,,,,,,,,,
v2q_044100,kurdish_ai_corpus,,,,,,,,,
v2q_044295,kurdish_ai_corpus,,,,,,,,,
v2q_043772,kurdish_ai_corpus,,,,,,,,,
v2q_045449,kurdish_ai_corpus,,,,,,,,,
v2q_040050,kurdish_ai_corpus,,,,,,,,,
v2q_040329,kurdish_ai_corpus,,,,,,,,,
v2q_038747,kurdish_ai_corpus,,,,,,,,,
v2q_038482,kurdish_ai_corpus,,,,,,,,,
v2q_041902,kurdish_ai_corpus,,,,,,,,,
v2q_039887,kurdish_ai_corpus,,,,,,,,,
v2q_043729,kurdish_ai_corpus,,,,,,,,,
v2q_037389,kurdish_ai_corpus,,,,,,,,,
v2q_037303,kurdish_ai_corpus,,,,,,,,,
v2q_041631,kurdish_ai_corpus,,,,,,,,,
v2q_044175,kurdish_ai_corpus,,,,,,,,,
v2q_046936,kurdish_ai_corpus,,,,,,,,,
v2q_047564,kurdish_ai_corpus,,,,,,,,,
v2q_047829,kurdish_ai_corpus,,,,,,,,,
v2q_047953,kurdish_ai_corpus,,,,,,,,,
v2q_048007,kurdish_ai_corpus,,,,,,,,,
v2q_048352,kurdish_ai_corpus,,,,,,,,,
v2q_045239,kurdish_ai_corpus,,,,,,,,,
v2q_039113,kurdish_ai_corpus,,,,,,,,,
v2q_038307,kurdish_ai_corpus,,,,,,,,,
v2q_046000,kurdish_ai_corpus,,,,,,,,,
v2q_045062,kurdish_ai_corpus,,,,,,,,,
v2q_036800,kurdish_ai_corpus,,,,,,,,,
v2q_040040,kurdish_ai_corpus,,,,,,,,,
v2q_037825,kurdish_ai_corpus,,,,,,,,,
v2q_035839,kurdish_ai_corpus,,,,,,,,,
v2q_046319,kurdish_ai_corpus,,,,,,,,,
v2q_037522,kurdish_ai_corpus,,,,,,,,,
v2q_039004,kurdish_ai_corpus,,,,,,,,,
v2q_041802,kurdish_ai_corpus,,,,,,,,,
v2q_039871,kurdish_ai_corpus,,,,,,,,,
v2q_042262,kurdish_ai_corpus,,,,,,,,,
v2q_047625,kurdish_ai_corpus,,,,,,,,,
v2q_046195,kurdish_ai_corpus,,,,,,,,,
v2q_044838,kurdish_ai_corpus,,,,,,,,,
v2q_041548,kurdish_ai_corpus,,,,,,,,,
v2q_041154,kurdish_ai_corpus,,,,,,,,,
v2q_049045,kurdish_ai_corpus,,,,,,,,,
v2q_041023,kurdish_ai_corpus,,,,,,,,,
v2q_037059,kurdish_ai_corpus,,,,,,,,,
v2q_046261,kurdish_ai_corpus,,,,,,,,,
v2q_035909,kurdish_ai_corpus,,,,,,,,,
v2q_038679,kurdish_ai_corpus,,,,,,,,,
v2q_039364,kurdish_ai_corpus,,,,,,,,,
v2q_041731,kurdish_ai_corpus,,,,,,,,,
v2q_041281,kurdish_ai_corpus,,,,,,,,,
v2q_042608,kurdish_ai_corpus,,,,,,,,,
v2q_041439,kurdish_ai_corpus,,,,,,,,,
v2q_036027,kurdish_ai_corpus,,,,,,,,,
v2q_045961,kurdish_ai_corpus,,,,,,,,,
v2q_046552,kurdish_ai_corpus,,,,,,,,,
v2q_048313,kurdish_ai_corpus,,,,,,,,,
v2q_046992,kurdish_ai_corpus,,,,,,,,,
v2q_042985,kurdish_ai_corpus,,,,,,,,,
v2q_045897,kurdish_ai_corpus,,,,,,,,,
v2q_043737,kurdish_ai_corpus,,,,,,,,,
v2q_038437,kurdish_ai_corpus,,,,,,,,,
v2q_043634,kurdish_ai_corpus,,,,,,,,,
v2q_046630,kurdish_ai_corpus,,,,,,,,,
v2q_045953,kurdish_ai_corpus,,,,,,,,,
v2q_037496,kurdish_ai_corpus,,,,,,,,,
v2q_009973,kurmanji_news,,,,,,,,,
v2q_025837,kurmanji_news,,,,,,,,,
v2q_032954,kurmanji_news,,,,,,,,,
v2q_002462,kurmanji_news,,,,,,,,,
v2q_012111,kurmanji_news,,,,,,,,,
v2q_010945,kurmanji_news,,,,,,,,,
v2q_023111,kurmanji_news,,,,,,,,,
v2q_021002,kurmanji_news,,,,,,,,,
v2q_034263,kurmanji_news,,,,,,,,,
v2q_026315,kurmanji_news,,,,,,,,,
v2q_030277,kurmanji_news,,,,,,,,,
v2q_011337,kurmanji_news,,,,,,,,,
v2q_029882,kurmanji_news,,,,,,,,,
v2q_013320,kurmanji_news,,,,,,,,,
v2q_030371,kurmanji_news,,,,,,,,,
v2q_017057,kurmanji_news,,,,,,,,,
v2q_002637,kurmanji_news,,,,,,,,,
v2q_015820,kurmanji_news,,,,,,,,,
v2q_032210,kurmanji_news,,,,,,,,,
v2q_029677,kurmanji_news,,,,,,,,,
v2q_035424,kurmanji_news,,,,,,,,,
v2q_022083,kurmanji_news,,,,,,,,,
v2q_017871,kurmanji_news,,,,,,,,,
v2q_024896,kurmanji_news,,,,,,,,,
v2q_013857,kurmanji_news,,,,,,,,,
v2q_008066,kurmanji_news,,,,,,,,,
v2q_016282,kurmanji_news,,,,,,,,,
v2q_013799,kurmanji_news,,,,,,,,,
v2q_021530,kurmanji_news,,,,,,,,,
v2q_026570,kurmanji_news,,,,,,,,,
v2q_002824,kurmanji_news,,,,,,,,,
v2q_010501,kurmanji_news,,,,,,,,,
v2q_004836,kurmanji_news,,,,,,,,,
v2q_004612,kurmanji_news,,,,,,,,,
v2q_005481,kurmanji_news,,,,,,,,,
v2q_012244,kurmanji_news,,,,,,,,,
v2q_011388,kurmanji_news,,,,,,,,,
v2q_010021,kurmanji_news,,,,,,,,,
v2q_014438,kurmanji_news,,,,,,,,,
v2q_001791,kurmanji_news,,,,,,,,,
v2q_011965,kurmanji_news,,,,,,,,,
v2q_022026,kurmanji_news,,,,,,,,,
v2q_015636,kurmanji_news,,,,,,,,,
v2q_001433,kurmanji_news,,,,,,,,,
v2q_013746,kurmanji_news,,,,,,,,,
v2q_006215,kurmanji_news,,,,,,,,,
v2q_030253,kurmanji_news,,,,,,,,,
v2q_031844,kurmanji_news,,,,,,,,,
v2q_003264,kurmanji_news,,,,,,,,,
v2q_033588,kurmanji_news,,,,,,,,,
v2q_034589,kurmanji_news,,,,,,,,,
v2q_033794,kurmanji_news,,,,,,,,,
v2q_012482,kurmanji_news,,,,,,,,,
v2q_034696,kurmanji_news,,,,,,,,,
v2q_021089,kurmanji_news,,,,,,,,,
v2q_032094,kurmanji_news,,,,,,,,,
v2q_002301,kurmanji_news,,,,,,,,,
v2q_034865,kurmanji_news,,,,,,,,,
v2q_007686,kurmanji_news,,,,,,,,,
v2q_002134,kurmanji_news,,,,,,,,,
v2q_023251,kurmanji_news,,,,,,,,,
v2q_022694,kurmanji_news,,,,,,,,,
v2q_010626,kurmanji_news,,,,,,,,,
v2q_027262,kurmanji_news,,,,,,,,,
v2q_024988,kurmanji_news,,,,,,,,,
v2q_021103,kurmanji_news,,,,,,,,,
v2q_013935,kurmanji_news,,,,,,,,,
v2q_016913,kurmanji_news,,,,,,,,,
v2q_021863,kurmanji_news,,,,,,,,,
v2q_012046,kurmanji_news,,,,,,,,,
v2q_016038,kurmanji_news,,,,,,,,,
v2q_029665,kurmanji_news,,,,,,,,,
v2q_014708,kurmanji_news,,,,,,,,,
v2q_034909,kurmanji_news,,,,,,,,,
v2q_002820,kurmanji_news,,,,,,,,,
v2q_035360,kurmanji_news,,,,,,,,,
v2q_022897,kurmanji_news,,,,,,,,,
v2q_007654,kurmanji_news,,,,,,,,,
v2q_027545,kurmanji_news,,,,,,,,,
v2q_029976,kurmanji_news,,,,,,,,,
v2q_024747,kurmanji_news,,,,,,,,,
v2q_029344,kurmanji_news,,,,,,,,,
v2q_008412,kurmanji_news,,,,,,,,,
v2q_006636,kurmanji_news,,,,,,,,,
v2q_022146,kurmanji_news,,,,,,,,,
v2q_015303,kurmanji_news,,,,,,,,,
v2q_010841,kurmanji_news,,,,,,,,,
v2q_017877,kurmanji_news,,,,,,,,,
v2q_002521,kurmanji_news,,,,,,,,,
v2q_006424,kurmanji_news,,,,,,,,,
v2q_024537,kurmanji_news,,,,,,,,,
v2q_006147,kurmanji_news,,,,,,,,,
v2q_010112,kurmanji_news,,,,,,,,,
v2q_012828,kurmanji_news,,,,,,,,,
v2q_029402,kurmanji_news,,,,,,,,,
v2q_026234,kurmanji_news,,,,,,,,,
v2q_031462,kurmanji_news,,,,,,,,,
v2q_003127,kurmanji_news,,,,,,,,,
v2q_021708,kurmanji_news,,,,,,,,,
v2q_001123,kurmanji_news,,,,,,,,,
v2q_027001,kurmanji_news,,,,,,,,,
v2q_032158,kurmanji_news,,,,,,,,,
v2q_031080,kurmanji_news,,,,,,,,,
v2q_027882,kurmanji_news,,,,,,,,,
v2q_031662,kurmanji_news,,,,,,,,,
v2q_026465,kurmanji_news,,,,,,,,,
v2q_011728,kurmanji_news,,,,,,,,,
v2q_029960,kurmanji_news,,,,,,,,,
v2q_012020,kurmanji_news,,,,,,,,,
v2q_021650,kurmanji_news,,,,,,,,,
v2q_015681,kurmanji_news,,,,,,,,,
v2q_029604,kurmanji_news,,,,,,,,,
v2q_034796,kurmanji_news,,,,,,,,,
v2q_024736,kurmanji_news,,,,,,,,,
v2q_014914,kurmanji_news,,,,,,,,,
v2q_016689,kurmanji_news,,,,,,,,,
v2q_030677,kurmanji_news,,,,,,,,,
v2q_001162,kurmanji_news,,,,,,,,,
v2q_001673,kurmanji_news,,,,,,,,,
v2q_021514,kurmanji_news,,,,,,,,,
v2q_003095,kurmanji_news,,,,,,,,,
v2q_006357,kurmanji_news,,,,,,,,,
v2q_008554,kurmanji_news,,,,,,,,,
v2q_034367,kurmanji_news,,,,,,,,,
v2q_016447,kurmanji_news,,,,,,,,,
v2q_029145,kurmanji_news,,,,,,,,,
v2q_029626,kurmanji_news,,,,,,,,,
v2q_024372,kurmanji_news,,,,,,,,,
v2q_012479,kurmanji_news,,,,,,,,,
v2q_001400,kurmanji_news,,,,,,,,,
v2q_024816,kurmanji_news,,,,,,,,,
v2q_001610,kurmanji_news,,,,,,,,,
v2q_032987,kurmanji_news,,,,,,,,,
v2q_018567,kurmanji_news,,,,,,,,,
v2q_011625,kurmanji_news,,,,,,,,,
v2q_010551,kurmanji_news,,,,,,,,,
v2q_032620,kurmanji_news,,,,,,,,,
v2q_020601,kurmanji_news,,,,,,,,,
v2q_005992,kurmanji_news,,,,,,,,,
v2q_026333,kurmanji_news,,,,,,,,,
v2q_033008,kurmanji_news,,,,,,,,,
v2q_004377,kurmanji_news,,,,,,,,,
v2q_028464,kurmanji_news,,,,,,,,,
v2q_022371,kurmanji_news,,,,,,,,,
v2q_015021,kurmanji_news,,,,,,,,,
v2q_011389,kurmanji_news,,,,,,,,,
v2q_008865,kurmanji_news,,,,,,,,,
v2q_024600,kurmanji_news,,,,,,,,,
v2q_025395,kurmanji_news,,,,,,,,,
v2q_026211,kurmanji_news,,,,,,,,,
v2q_002252,kurmanji_news,,,,,,,,,
v2q_024990,kurmanji_news,,,,,,,,,
v2q_013836,kurmanji_news,,,,,,,,,
v2q_012740,kurmanji_news,,,,,,,,,
v2q_008518,kurmanji_news,,,,,,,,,
v2q_015984,kurmanji_news,,,,,,,,,
v2q_001877,kurmanji_news,,,,,,,,,
v2q_029571,kurmanji_news,,,,,,,,,
v2q_018141,kurmanji_news,,,,,,,,,
v2q_025257,kurmanji_news,,,,,,,,,
v2q_006144,kurmanji_news,,,,,,,,,
v2q_009590,kurmanji_news,,,,,,,,,
v2q_011885,kurmanji_news,,,,,,,,,
v2q_030792,kurmanji_news,,,,,,,,,
v2q_020093,kurmanji_news,,,,,,,,,
v2q_016478,kurmanji_news,,,,,,,,,
v2q_012247,kurmanji_news,,,,,,,,,
v2q_013603,kurmanji_news,,,,,,,,,
v2q_027433,kurmanji_news,,,,,,,,,
v2q_005248,kurmanji_news,,,,,,,,,
v2q_014644,kurmanji_news,,,,,,,,,
v2q_012493,kurmanji_news,,,,,,,,,
v2q_001028,kurmanji_news,,,,,,,,,
v2q_031708,kurmanji_news,,,,,,,,,
v2q_013004,kurmanji_news,,,,,,,,,
v2q_003048,kurmanji_news,,,,,,,,,
v2q_028896,kurmanji_news,,,,,,,,,
v2q_007163,kurmanji_news,,,,,,,,,
v2q_027150,kurmanji_news,,,,,,,,,
v2q_016684,kurmanji_news,,,,,,,,,
v2q_029392,kurmanji_news,,,,,,,,,
v2q_033363,kurmanji_news,,,,,,,,,
v2q_006958,kurmanji_news,,,,,,,,,
v2q_030078,kurmanji_news,,,,,,,,,
v2q_021279,kurmanji_news,,,,,,,,,
v2q_004902,kurmanji_news,,,,,,,,,
v2q_014536,kurmanji_news,,,,,,,,,
v2q_009209,kurmanji_news,,,,,,,,,
v2q_028909,kurmanji_news,,,,,,,,,
v2q_006363,kurmanji_news,,,,,,,,,
v2q_012556,kurmanji_news,,,,,,,,,
v2q_015228,kurmanji_news,,,,,,,,,
v2q_004563,kurmanji_news,,,,,,,,,
v2q_003370,kurmanji_news,,,,,,,,,
v2q_015275,kurmanji_news,,,,,,,,,
v2q_026154,kurmanji_news,,,,,,,,,
v2q_007107,kurmanji_news,,,,,,,,,
v2q_017134,kurmanji_news,,,,,,,,,
v2q_031623,kurmanji_news,,,,,,,,,
v2q_030713,kurmanji_news,,,,,,,,,
v2q_005705,kurmanji_news,,,,,,,,,
v2q_027107,kurmanji_news,,,,,,,,,
v2q_000543,tatoeba,,,,,,,,,
v2q_000092,tatoeba,,,,,,,,,
v2q_000531,tatoeba,,,,,,,,,
v2q_000119,tatoeba,,,,,,,,,
v2q_000022,tatoeba,,,,,,,,,
v2q_000262,tatoeba,,,,,,,,,
v2q_000096,tatoeba,,,,,,,,,
v2q_000591,tatoeba,,,,,,,,,
v2q_000579,tatoeba,,,,,,,,,
v2q_000039,tatoeba,,,,,,,,,
v2q_000670,tatoeba,,,,,,,,,
v2q_000492,tatoeba,,,,,,,,,
v2q_000292,tatoeba,,,,,,,,,
v2q_000608,tatoeba,,,,,,,,,
v2q_000605,tatoeba,,,,,,,,,
v2q_000171,tatoeba,,,,,,,,,
v2q_000031,tatoeba,,,,,,,,,
v2q_000140,tatoeba,,,,,,,,,
v2q_000021,tatoeba,,,,,,,,,
v2q_000283,tatoeba,,,,,,,,,
v2q_000528,tatoeba,,,,,,,,,
v2q_000095,tatoeba,,,,,,,,,
v2q_000588,tatoeba,,,,,,,,,
v2q_000024,tatoeba,,,,,,,,,
v2q_000170,tatoeba,,,,,,,,,
v2q_000390,tatoeba,,,,,,,,,
v2q_000061,tatoeba,,,,,,,,,
v2q_000544,tatoeba,,,,,,,,,
v2q_000139,tatoeba,,,,,,,,,
v2q_000611,tatoeba,,,,,,,,,
v2q_000280,tatoeba,,,,,,,,,
v2q_000586,tatoeba,,,,,,,,,
v2q_000366,tatoeba,,,,,,,,,
v2q_000346,tatoeba,,,,,,,,,
v2q_000581,tatoeba,,,,,,,,,
v2q_000667,tatoeba,,,,,,,,,
v2q_000402,tatoeba,,,,,,,,,
v2q_000048,tatoeba,,,,,,,,,
v2q_000636,tatoeba,,,,,,,,,
v2q_000197,tatoeba,,,,,,,,,
v2q_000247,tatoeba,,,,,,,,,
v2q_000266,tatoeba,,,,,,,,,
v2q_000624,tatoeba,,,,,,,,,
v2q_000323,tatoeba,,,,,,,,,
v2q_000525,tatoeba,,,,,,,,,
v2q_000284,tatoeba,,,,,,,,,
v2q_000470,tatoeba,,,,,,,,,
v2q_000523,tatoeba,,,,,,,,,
v2q_000121,tatoeba,,,,,,,,,
v2q_000529,tatoeba,,,,,,,,,
